DJIA,NVDA
DJIA,AAPL
DJIA,MSFT
DJIA,AMZN
DJIA,WMT
DJIA,JPM
DJIA,V
DJIA,JNJ
DJIA,CSCO
DJIA,CAT
DJIA,CVX
DJIA,UNH
DJIA,KO
DJIA,PG
DJIA,HD
DJIA,GS
DJIA,MRK
DJIA,IBM
DJIA,AXP
DJIA,VZ
DJIA,MCD
DJIA,AMGN
DJIA,DIS
DJIA,BA
DJIA,CRM
DJIA,HON
DJIA,MMM
DJIA,SHW
DJIA,NKE
DJIA,TRV
SPY,MMM
SPY,AOS
SPY,ABT
SPY,ABBV
SPY,ACN
SPY,ADBE
SPY,AMD
SPY,AES
SPY,AFL
SPY,A
SPY,APD
SPY,ABNB
SPY,AKAM
SPY,ALB
SPY,ARE
SPY,ALGN
SPY,ALLE
SPY,LNT
SPY,ALL
SPY,GOOGL
SPY,GOOG
SPY,MO
SPY,AMZN
SPY,AMCR
SPY,AEE
SPY,AEP
SPY,AXP
SPY,AIG
SPY,AMT
SPY,AWK
SPY,AMP
SPY,AME
SPY,AMGN
SPY,APH
SPY,ADI
SPY,AON
SPY,APA
SPY,APO
SPY,AAPL
SPY,AMAT
SPY,APP
SPY,APTV
SPY,ACGL
SPY,ADM
SPY,ARES
SPY,ANET
SPY,AJG
SPY,AIZ
SPY,T
SPY,ATO
SPY,ADSK
SPY,ADP
SPY,AZO
SPY,AVB
SPY,AVY
SPY,AXON
SPY,BKR
SPY,BALL
SPY,BAC
SPY,BAX
SPY,BDX
SPY,BRK.B
SPY,BBY
SPY,TECH
SPY,BIIB
SPY,BLK
SPY,BX
SPY,XYZ
SPY,BK
SPY,BA
SPY,BKNG
SPY,BSX
SPY,BMY
SPY,AVGO
SPY,BR
SPY,BRO
SPY,BF.B
SPY,BLDR
SPY,BG
SPY,BXP
SPY,CHRW
SPY,CDNS
SPY,CPT
SPY,CPB
SPY,COF
SPY,CAH
SPY,CCL
SPY,CARR
SPY,CVNA
SPY,CAT
SPY,CBOE
SPY,CBRE
SPY,CDW
SPY,COR
SPY,CNC
SPY,CNP
SPY,CF
SPY,CRL
SPY,SCHW
SPY,CHTR
SPY,CVX
SPY,CMG
SPY,CB
SPY,CHD
SPY,CI
SPY,CINF
SPY,CTAS
SPY,CSCO
SPY,C
SPY,CFG
SPY,CLX
SPY,CME
SPY,CMS
SPY,KO
SPY,CTSH
SPY,COIN
SPY,CL
SPY,CMCSA
SPY,FIX
SPY,CAG
SPY,COP
SPY,ED
SPY,STZ
SPY,CEG
SPY,COO
SPY,CPRT
SPY,GLW
SPY,CPAY
SPY,CTVA
SPY,CSGP
SPY,COST
SPY,CTRA
SPY,CRH
SPY,CRWD
SPY,CCI
SPY,CSX
SPY,CMI
SPY,CVS
SPY,DHR
SPY,DRI
SPY,DDOG
SPY,DVA
SPY,DECK
SPY,DE
SPY,DELL
SPY,DAL
SPY,DVN
SPY,DXCM
SPY,FANG
SPY,DLR
SPY,DG
SPY,DLTR
SPY,D
SPY,DPZ
SPY,DASH
SPY,DOV
SPY,DOW
SPY,DHI
SPY,DTE
SPY,DUK
SPY,DD
SPY,ETN
SPY,EBAY
SPY,ECL
SPY,EIX
SPY,EW
SPY,EA
SPY,ELV
SPY,EME
SPY,EMR
SPY,ETR
SPY,EOG
SPY,EPAM
SPY,EQT
SPY,EFX
SPY,EQIX
SPY,EQR
SPY,ERIE
SPY,ESS
SPY,EL
SPY,EG
SPY,EVRG
SPY,ES
SPY,EXC
SPY,EXE
SPY,EXPE
SPY,EXPD
SPY,EXR
SPY,XOM
SPY,FFIV
SPY,FDS
SPY,FICO
SPY,FAST
SPY,FRT
SPY,FDX
SPY,FIS
SPY,FITB
SPY,FSLR
SPY,FE
SPY,FISV
SPY,F
SPY,FTNT
SPY,FTV
SPY,FOXA
SPY,FOX
SPY,BEN
SPY,FCX
SPY,GRMN
SPY,IT
SPY,GE
SPY,GEHC
SPY,GEV
SPY,GEN
SPY,GNRC
SPY,GD
SPY,GIS
SPY,GM
SPY,GPC
SPY,GILD
SPY,GPN
SPY,GL
SPY,GDDY
SPY,GS
SPY,HAL
SPY,HIG
SPY,HAS
SPY,HCA
SPY,DOC
SPY,HSIC
SPY,HSY
SPY,HPE
SPY,HLT
SPY,HOLX
SPY,HD
SPY,HON
SPY,HRL
SPY,HST
SPY,HWM
SPY,HPQ
SPY,HUBB
SPY,HUM
SPY,HBAN
SPY,HII
SPY,IBM
SPY,IEX
SPY,IDXX
SPY,ITW
SPY,INCY
SPY,IR
SPY,PODD
SPY,INTC
SPY,IBKR
SPY,ICE
SPY,IFF
SPY,IP
SPY,INTU
SPY,ISRG
SPY,IVZ
SPY,INVH
SPY,IQV
SPY,IRM
SPY,JBHT
SPY,JBL
SPY,JKHY
SPY,J
SPY,JNJ
SPY,JCI
SPY,JPM
SPY,KVUE
SPY,KDP
SPY,KEY
SPY,KEYS
SPY,KMB
SPY,KIM
SPY,KMI
SPY,KKR
SPY,KLAC
SPY,KHC
SPY,KR
SPY,LHX
SPY,LH
SPY,LRCX
SPY,LW
SPY,LVS
SPY,LDOS
SPY,LEN
SPY,LII
SPY,LLY
SPY,LIN
SPY,LYV
SPY,LMT
SPY,L
SPY,LOW
SPY,LULU
SPY,LYB
SPY,MTB
SPY,MPC
SPY,MAR
SPY,MRSH
SPY,MLM
SPY,MAS
SPY,MA
SPY,MTCH
SPY,MKC
SPY,MCD
SPY,MCK
SPY,MDT
SPY,MRK
SPY,META
SPY,MET
SPY,MTD
SPY,MGM
SPY,MCHP
SPY,MU
SPY,MSFT
SPY,MAA
SPY,MRNA
SPY,MOH
SPY,TAP
SPY,MDLZ
SPY,MPWR
SPY,MNST
SPY,MCO
SPY,MS
SPY,MOS
SPY,MSI
SPY,MSCI
SPY,NDAQ
SPY,NTAP
SPY,NFLX
SPY,NEM
SPY,NWSA
SPY,NWS
SPY,NEE
SPY,NKE
SPY,NI
SPY,NDSN
SPY,NSC
SPY,NTRS
SPY,NOC
SPY,NCLH
SPY,NRG
SPY,NUE
SPY,NVDA
SPY,NVR
SPY,NXPI
SPY,ORLY
SPY,OXY
SPY,ODFL
SPY,OMC
SPY,ON
SPY,OKE
SPY,ORCL
SPY,OTIS
SPY,PCAR
SPY,PKG
SPY,PLTR
SPY,PANW
SPY,PSKY
SPY,PH
SPY,PAYX
SPY,PAYC
SPY,PYPL
SPY,PNR
SPY,PEP
SPY,PFE
SPY,PCG
SPY,PM
SPY,PSX
SPY,PNW
SPY,PNC
SPY,POOL
SPY,PPG
SPY,PPL
SPY,PFG
SPY,PG
SPY,PGR
SPY,PLD
SPY,PRU
SPY,PEG
SPY,PTC
SPY,PSA
SPY,PHM
SPY,PWR
SPY,QCOM
SPY,DGX
SPY,Q
SPY,RL
SPY,RJF
SPY,RTX
SPY,O
SPY,REG
SPY,REGN
SPY,RF
SPY,RSG
SPY,RMD
SPY,RVTY
SPY,HOOD
SPY,ROK
SPY,ROL
SPY,ROP
SPY,ROST
SPY,RCL
SPY,SPGI
SPY,CRM
SPY,SNDK
SPY,SBAC
SPY,SLB
SPY,STX
SPY,SRE
SPY,NOW
SPY,SHW
SPY,SPG
SPY,SWKS
SPY,SJM
SPY,SW
SPY,SNA
SPY,SOLV
SPY,SO
SPY,LUV
SPY,SWK
SPY,SBUX
SPY,STT
SPY,STLD
SPY,STE
SPY,SYK
SPY,SMCI
SPY,SYF
SPY,SNPS
SPY,SYY
SPY,TMUS
SPY,TROW
SPY,TTWO
SPY,TPR
SPY,TRGP
SPY,TGT
SPY,TEL
SPY,TDY
SPY,TER
SPY,TSLA
SPY,TXN
SPY,TPL
SPY,TXT
SPY,TMO
SPY,TJX
SPY,TKO
SPY,TTD
SPY,TSCO
SPY,TT
SPY,TDG
SPY,TRV
SPY,TRMB
SPY,TFC
SPY,TYL
SPY,TSN
SPY,USB
SPY,UBER
SPY,UDR
SPY,ULTA
SPY,UNP
SPY,UAL
SPY,UPS
SPY,URI
SPY,UNH
SPY,UHS
SPY,VLO
SPY,VTR
SPY,VLTO
SPY,VRSN
SPY,VRSK
SPY,VZ
SPY,VRTX
SPY,VTRS
SPY,VICI
SPY,V
SPY,VST
SPY,VMC
SPY,WRB
SPY,GWW
SPY,WAB
SPY,WMT
SPY,DIS
SPY,WBD
SPY,WM
SPY,WAT
SPY,WEC
SPY,WFC
SPY,WELL
SPY,WST
SPY,WDC
SPY,WY
SPY,WSM
SPY,WMB
SPY,WTW
SPY,WDAY
SPY,WYNN
SPY,XEL
SPY,XYL
SPY,YUM
SPY,ZBRA
SPY,ZBH
SPY,ZTS